quarter,node,step,fab,loading
Q1'26,1,1,1,6916.3540277508728
Q1'26,1,1,2,3958.7963089654359
Q1'26,1,1,3,1124.8496632836909
Q1'26,1,2,1,6916.3540277508728
Q1'26,1,2,2,3958.7963089654359
Q1'26,1,2,3,1124.8496632836909
Q1'26,1,3,1,6916.3540277508728
Q1'26,1,3,2,3958.7963089654359
Q1'26,1,3,3,1124.8496632836909
Q1'26,1,4,1,6916.3540277508728
Q1'26,1,4,2,4142.8459722491261
Q1'26,1,4,3,940.80000000000098
Q1'26,1,5,1,6916.3540277508519
Q1'26,1,5,2,4142.8459722491243
Q1'26,1,5,3,940.80000000002474
Q1'26,1,6,1,6916.3540277508728
Q1'26,1,6,2,4142.845972249127
Q1'26,1,6,3,940.79999999999927
Q1'26,1,7,1,6916.3540277508719
Q1'26,1,7,2,4142.845972249128
Q1'26,1,7,3,940.79999999999927
Q1'26,1,8,1,6916.3540277508719
Q1'26,1,8,2,4142.8459722491289
Q1'26,1,8,3,940.79999999999905
Q1'26,1,9,1,6916.3540277508719
Q1'26,1,9,2,4142.8459722491289
Q1'26,1,9,3,940.79999999999905
Q1'26,1,10,1,6916.3540277508719
Q1'26,1,10,2,4142.8459722491289
Q1'26,1,10,3,940.79999999999905
Q1'26,1,11,1,6916.3540277508737
Q1'26,1,11,2,4142.845972249127
Q1'26,1,11,3,940.79999999999905
Q1'26,2,1,1,2669.9584893757342
Q1'26,2,1,2,2330.0415106242658
Q1'26,2,1,3,0
Q1'26,2,2,1,2669.9584893757342
Q1'26,2,2,2,2330.0415106242658
Q1'26,2,2,3,0
Q1'26,2,3,1,2669.9584893757342
Q1'26,2,3,2,2330.0415106242658
Q1'26,2,3,3,0
Q1'26,2,4,1,2669.9584893757342
Q1'26,2,4,2,2330.0415106242658
Q1'26,2,4,3,0
Q1'26,2,5,1,2669.9584893757342
Q1'26,2,5,2,2330.0415106242658
Q1'26,2,5,3,0
Q1'26,2,6,1,2669.9584893757342
Q1'26,2,6,2,2330.0415106242658
Q1'26,2,6,3,0
Q1'26,2,7,1,2669.9584893757342
Q1'26,2,7,2,2330.0415106242658
Q1'26,2,7,3,0
Q1'26,2,8,1,2669.9584893757342
Q1'26,2,8,2,2330.0415106242658
Q1'26,2,8,3,0
Q1'26,2,9,1,2669.9584893757351
Q1'26,2,9,2,2330.0415106242649
Q1'26,2,9,3,0
Q1'26,2,10,1,2669.9584893757351
Q1'26,2,10,2,2330.0415106242649
Q1'26,2,10,3,0
Q1'26,2,11,1,2669.9584893757351
Q1'26,2,11,2,2330.0415106242649
Q1'26,2,11,3,0
Q1'26,2,12,1,2669.9584893757351
Q1'26,2,12,2,2330.0415106242649
Q1'26,2,12,3,0
Q1'26,2,13,1,2669.9584893757351
Q1'26,2,13,2,2330.0415106242649
Q1'26,2,13,3,0
Q1'26,2,14,1,2669.9584893757351
Q1'26,2,14,2,2330.0415106242649
Q1'26,2,14,3,0
Q1'26,2,15,1,2669.9584893757351
Q1'26,2,15,2,2330.0415106242649
Q1'26,2,15,3,0
Q1'26,3,1,1,0
Q1'26,3,1,2,397.84364981504302
Q1'26,3,1,3,2602.1563501849569
Q1'26,3,2,1,0
Q1'26,3,2,2,397.84364981504302
Q1'26,3,2,3,2602.1563501849569
Q1'26,3,3,1,0
Q1'26,3,3,2,397.84364981504302
Q1'26,3,3,3,2602.1563501849569
Q1'26,3,4,1,0
Q1'26,3,4,2,397.84364981504302
Q1'26,3,4,3,2602.1563501849569
Q1'26,3,5,1,0
Q1'26,3,5,2,397.84364981504302
Q1'26,3,5,3,2602.1563501849569
Q1'26,3,6,1,0
Q1'26,3,6,2,397.84364981504302
Q1'26,3,6,3,2602.1563501849569
Q1'26,3,7,1,0
Q1'26,3,7,2,397.84364981504302
Q1'26,3,7,3,2602.1563501849569
Q1'26,3,8,1,0
Q1'26,3,8,2,397.84364981504302
Q1'26,3,8,3,2602.1563501849569
Q1'26,3,9,1,0
Q1'26,3,9,2,397.84364981504302
Q1'26,3,9,3,2602.1563501849569
Q1'26,3,10,1,0
Q1'26,3,10,2,397.84364981504302
Q1'26,3,10,3,2602.1563501849569
Q1'26,3,11,1,0
Q1'26,3,11,2,397.84364981504302
Q1'26,3,11,3,2602.1563501849569
Q1'26,3,12,1,1.9090206338800131e-12
Q1'26,3,12,2,397.84364981504302
Q1'26,3,12,3,2602.156350184955
Q1'26,3,13,1,0
Q1'26,3,13,2,397.84364981504302
Q1'26,3,13,3,2602.1563501849569
Q1'26,3,14,1,0
Q1'26,3,14,2,397.84364981504302
Q1'26,3,14,3,2602.1563501849569
Q1'26,3,15,1,0
Q1'26,3,15,2,397.84364981504302
Q1'26,3,15,3,2602.1563501849569
Q1'26,3,16,1,0
Q1'26,3,16,2,397.84364981504302
Q1'26,3,16,3,2602.1563501849569
Q1'26,3,17,1,0
Q1'26,3,17,2,397.84364981504302
Q1'26,3,17,3,2602.1563501849569
Q2'26,1,1,1,7159.114812611544
Q2'26,1,1,2,1900.0851873884551
Q2'26,1,1,3,940.80000000000109
Q2'26,1,2,1,7159.114812611544
Q2'26,1,2,2,1900.0851873884551
Q2'26,1,2,3,940.80000000000109
Q2'26,1,3,1,7159.1148126115449
Q2'26,1,3,2,1900.0851873884551
Q2'26,1,3,3,940.79999999999995
Q2'26,1,4,1,7159.1148126115449
Q2'26,1,4,2,1900.0851873884551
Q2'26,1,4,3,940.79999999999995
Q2'26,1,5,1,7159.1148126114958
Q2'26,1,5,2,1900.085187388504
Q2'26,1,5,3,940.79999999999995
Q2'26,1,6,1,7159.1148126115449
Q2'26,1,6,2,1900.0851873884551
Q2'26,1,6,3,940.79999999999995
Q2'26,1,7,1,7159.1148126115449
Q2'26,1,7,2,1900.0851873884551
Q2'26,1,7,3,940.79999999999995
Q2'26,1,8,1,7159.1148126115449
Q2'26,1,8,2,1900.0851873884551
Q2'26,1,8,3,940.79999999999995
Q2'26,1,9,1,7159.1148126115449
Q2'26,1,9,2,1900.0851873884551
Q2'26,1,9,3,940.79999999999995
Q2'26,1,10,1,7159.1148126115459
Q2'26,1,10,2,1900.085187388454
Q2'26,1,10,3,940.79999999999995
Q2'26,1,11,1,7159.1148126115459
Q2'26,1,11,2,1900.0851873884551
Q2'26,1,11,3,940.79999999999995
Q2'26,2,1,1,2397.268292682927
Q2'26,2,1,2,2802.731707317073
Q2'26,2,1,3,0
Q2'26,2,2,1,2397.268292682927
Q2'26,2,2,2,2802.731707317073
Q2'26,2,2,3,0
Q2'26,2,3,1,2397.268292682927
Q2'26,2,3,2,2802.7317073170707
Q2'26,2,3,3,1.8189894035458565e-12
Q2'26,2,4,1,2397.268292682927
Q2'26,2,4,2,2802.731707317073
Q2'26,2,4,3,0
Q2'26,2,5,1,2397.268292682927
Q2'26,2,5,2,2802.731707317073
Q2'26,2,5,3,0
Q2'26,2,6,1,2397.268292682927
Q2'26,2,6,2,2802.731707317073
Q2'26,2,6,3,0
Q2'26,2,7,1,2397.268292682927
Q2'26,2,7,2,2802.731707317073
Q2'26,2,7,3,0
Q2'26,2,8,1,2397.268292682927
Q2'26,2,8,2,2802.731707317073
Q2'26,2,8,3,0
Q2'26,2,9,1,2397.268292682927
Q2'26,2,9,2,2802.731707317073
Q2'26,2,9,3,0
Q2'26,2,10,1,2397.268292682927
Q2'26,2,10,2,2802.731707317073
Q2'26,2,10,3,0
Q2'26,2,11,1,2397.268292682927
Q2'26,2,11,2,2802.731707317073
Q2'26,2,11,3,0
Q2'26,2,12,1,2397.268292682927
Q2'26,2,12,2,2802.731707317073
Q2'26,2,12,3,0
Q2'26,2,13,1,2397.268292682927
Q2'26,2,13,2,2802.731707317073
Q2'26,2,13,3,0
Q2'26,2,14,1,2397.268292682927
Q2'26,2,14,2,2802.731707317073
Q2'26,2,14,3,0
Q2'26,2,15,1,2397.268292682927
Q2'26,2,15,2,2802.731707317073
Q2'26,2,15,3,0
Q2'26,3,1,1,0
Q2'26,3,1,2,2177.7844154584691
Q2'26,3,1,3,2322.2155845415309
Q2'26,3,2,1,0
Q2'26,3,2,2,2177.7844154584691
Q2'26,3,2,3,2322.2155845415309
Q2'26,3,3,1,0
Q2'26,3,3,2,2177.7844154584691
Q2'26,3,3,3,2322.2155845415309
Q2'26,3,4,1,0
Q2'26,3,4,2,2177.7844154584691
Q2'26,3,4,3,2322.2155845415309
Q2'26,3,5,1,0
Q2'26,3,5,2,2177.7844154584691
Q2'26,3,5,3,2322.2155845415309
Q2'26,3,6,1,0
Q2'26,3,6,2,2177.7844154584691
Q2'26,3,6,3,2322.2155845415309
Q2'26,3,7,1,0
Q2'26,3,7,2,2177.7844154584691
Q2'26,3,7,3,2322.2155845415309
Q2'26,3,8,1,0
Q2'26,3,8,2,2177.7844154584691
Q2'26,3,8,3,2322.2155845415309
Q2'26,3,9,1,0
Q2'26,3,9,2,2177.7844154584691
Q2'26,3,9,3,2322.2155845415309
Q2'26,3,10,1,0
Q2'26,3,10,2,2177.7844154584691
Q2'26,3,10,3,2322.2155845415309
Q2'26,3,11,1,0
Q2'26,3,11,2,2177.7844154584691
Q2'26,3,11,3,2322.2155845415309
Q2'26,3,12,1,0
Q2'26,3,12,2,2177.7844154584691
Q2'26,3,12,3,2322.2155845415309
Q2'26,3,13,1,0
Q2'26,3,13,2,2177.7844154584691
Q2'26,3,13,3,2322.2155845415309
Q2'26,3,14,1,0
Q2'26,3,14,2,2177.7844154584691
Q2'26,3,14,3,2322.2155845415309
Q2'26,3,15,1,0
Q2'26,3,15,2,2177.7844154584691
Q2'26,3,15,3,2322.2155845415309
Q2'26,3,16,1,0
Q2'26,3,16,2,2177.7844154584691
Q2'26,3,16,3,2322.2155845415309
Q2'26,3,17,1,0
Q2'26,3,17,2,2177.7844154584691
Q2'26,3,17,3,2322.2155845415309
Q3'26,1,1,1,6118.4275996026854
Q3'26,1,1,2,1807.9942081448221
Q3'26,1,1,3,573.57819225249295
Q3'26,1,2,1,6118.4275996026854
Q3'26,1,2,2,1807.994208144821
Q3'26,1,2,3,573.57819225249295
Q3'26,1,3,1,6118.4275996026854
Q3'26,1,3,2,1807.994208144815
Q3'26,1,3,3,573.5781922525
Q3'26,1,4,1,6118.4275996026863
Q3'26,1,4,2,1807.9942081448139
Q3'26,1,4,3,573.5781922525
Q3'26,1,5,1,6118.4275996026854
Q3'26,1,5,2,1807.994208144815
Q3'26,1,5,3,573.5781922525
Q3'26,1,6,1,6118.4275996026863
Q3'26,1,6,2,1807.9942081448139
Q3'26,1,6,3,573.5781922525
Q3'26,1,7,1,6118.4275996027063
Q3'26,1,7,2,1807.9942081447937
Q3'26,1,7,3,573.5781922525
Q3'26,1,8,1,6118.4275996026654
Q3'26,1,8,2,1807.9942081448351
Q3'26,1,8,3,573.5781922525
Q3'26,1,9,1,6118.4275996026663
Q3'26,1,9,2,1807.9942081448351
Q3'26,1,9,3,573.57819225249898
Q3'26,1,10,1,6118.4275996026663
Q3'26,1,10,2,1807.9942081448351
Q3'26,1,10,3,573.57819225249898
Q3'26,1,11,1,6118.4275996026654
Q3'26,1,11,2,1807.9942081448351
Q3'26,1,11,3,573.5781922525
Q3'26,2,1,1,3563.1627906976319
Q3'26,2,1,2,1836.8372093023679
Q3'26,2,1,3,0
Q3'26,2,2,1,3563.1627906976319
Q3'26,2,2,2,1836.8372093023679
Q3'26,2,2,3,0
Q3'26,2,3,1,3563.162790697626
Q3'26,2,3,2,1836.837209302374
Q3'26,2,3,3,0
Q3'26,2,4,1,3563.162790697626
Q3'26,2,4,2,1836.837209302374
Q3'26,2,4,3,0
Q3'26,2,5,1,3563.1627906976391
Q3'26,2,5,2,1836.8372093023611
Q3'26,2,5,3,0
Q3'26,2,6,1,3563.162790697671
Q3'26,2,6,2,1836.837209302329
Q3'26,2,6,3,0
Q3'26,2,7,1,3563.1627906976678
Q3'26,2,7,2,1836.837209302332
Q3'26,2,7,3,0
Q3'26,2,8,1,3563.1627906976591
Q3'26,2,8,2,1836.8372093023411
Q3'26,2,8,3,0
Q3'26,2,9,1,3563.162790697656
Q3'26,2,9,2,1836.837209302344
Q3'26,2,9,3,0
Q3'26,2,10,1,3563.162790697661
Q3'26,2,10,2,1836.837209302339
Q3'26,2,10,3,0
Q3'26,2,11,1,3563.1627906976728
Q3'26,2,11,2,1836.837209302327
Q3'26,2,11,3,0
Q3'26,2,12,1,3563.1627906976751
Q3'26,2,12,2,1836.8372093023249
Q3'26,2,12,3,0
Q3'26,2,13,1,3563.1627906976751
Q3'26,2,13,2,1836.8372093023249
Q3'26,2,13,3,0
Q3'26,2,14,1,3563.1627906976751
Q3'26,2,14,2,1836.8372093023249
Q3'26,2,14,3,0
Q3'26,2,15,1,3563.1627906976751
Q3'26,2,15,2,1836.8372093023015
Q3'26,2,15,3,2.3646862246096134e-11
Q3'26,3,1,1,-0
Q3'26,3,1,2,3263.5482352941149
Q3'26,3,1,3,3736.4517647058851
Q3'26,3,2,1,0
Q3'26,3,2,2,3263.548235294109
Q3'26,3,2,3,3736.451764705891
Q3'26,3,3,1,9.9999999999999998e-13
Q3'26,3,3,2,3263.548235294109
Q3'26,3,3,3,3736.4517647058901
Q3'26,3,4,1,9.9999999999999998e-13
Q3'26,3,4,2,3263.548235294134
Q3'26,3,4,3,3736.4517647058651
Q3'26,3,5,1,5.6e-11
Q3'26,3,5,2,3263.5482352940789
Q3'26,3,5,3,3736.4517647058651
Q3'26,3,6,1,1.5e-11
Q3'26,3,6,2,3263.5482352941558
Q3'26,3,6,3,3736.4517647058292
Q3'26,3,7,1,0
Q3'26,3,7,2,3263.5482352941708
Q3'26,3,7,3,3736.4517647058292
Q3'26,3,8,1,0
Q3'26,3,8,2,3263.5482352941272
Q3'26,3,8,3,3736.4517647058728
Q3'26,3,9,1,0
Q3'26,3,9,2,3263.548235294084
Q3'26,3,9,3,3736.451764705916
Q3'26,3,10,1,1.2000000000000001e-11
Q3'26,3,10,2,3263.548235294084
Q3'26,3,10,3,3736.4517647059042
Q3'26,3,11,1,1.2000000000000001e-11
Q3'26,3,11,2,3263.548235294084
Q3'26,3,11,3,3736.4517647059042
Q3'26,3,12,1,4.9999999999999997e-12
Q3'26,3,12,2,3263.548235294084
Q3'26,3,12,3,3736.451764705911
Q3'26,3,13,1,0
Q3'26,3,13,2,3263.548235294084
Q3'26,3,13,3,3736.451764705916
Q3'26,3,14,1,0
Q3'26,3,14,2,3263.548235294084
Q3'26,3,14,3,3736.451764705916
Q3'26,3,15,1,0
Q3'26,3,15,2,3263.5482352940712
Q3'26,3,15,3,3736.4517647059288
Q3'26,3,16,1,0
Q3'26,3,16,2,3263.5482352940712
Q3'26,3,16,3,3736.4517647059288
Q3'26,3,17,1,0
Q3'26,3,17,2,3263.5482352940712
Q3'26,3,17,3,3736.4517647059288
Q4'26,1,1,1,3348.8000000000002
Q4'26,1,1,2,3140.799999999997
Q4'26,1,1,3,1010.400000000003
Q4'26,1,2,1,3348.8000000000011
Q4'26,1,2,2,3140.799999999997
Q4'26,1,2,3,1010.4000000000015
Q4'26,1,3,1,3348.8000000000011
Q4'26,1,3,2,3140.799999999997
Q4'26,1,3,3,1010.4000000000015
Q4'26,1,4,1,3348.8000000000011
Q4'26,1,4,2,3140.7999999999952
Q4'26,1,4,3,1010.4000000000033
Q4'26,1,5,1,3348.8000000000011
Q4'26,1,5,2,3140.799999999997
Q4'26,1,5,3,1010.4000000000015
Q4'26,1,6,1,3348.8000000000011
Q4'26,1,6,2,3140.799999999997
Q4'26,1,6,3,1010.4000000000015
Q4'26,1,7,1,3348.8000000000015
Q4'26,1,7,2,3140.7999999999952
Q4'26,1,7,3,1010.400000000003
Q4'26,1,8,1,3348.7999999999988
Q4'26,1,8,2,3248.8000000000029
Q4'26,1,8,3,902.39999999999804
Q4'26,1,9,1,3348.7999999999988
Q4'26,1,9,2,3248.8000000000029
Q4'26,1,9,3,902.39999999999804
Q4'26,1,10,1,3348.7999999999988
Q4'26,1,10,2,3248.8000000000029
Q4'26,1,10,3,902.39999999999804
Q4'26,1,11,1,3348.7999999999988
Q4'26,1,11,2,3248.8000000000029
Q4'26,1,11,3,902.39999999999804
Q4'26,2,1,1,5180
Q4'26,2,1,2,420
Q4'26,2,1,3,0
Q4'26,2,2,1,5180
Q4'26,2,2,2,420
Q4'26,2,2,3,0
Q4'26,2,3,1,5180
Q4'26,2,3,2,420
Q4'26,2,3,3,0
Q4'26,2,4,1,5180
Q4'26,2,4,2,420
Q4'26,2,4,3,0
Q4'26,2,5,1,5180
Q4'26,2,5,2,420
Q4'26,2,5,3,0
Q4'26,2,6,1,5180
Q4'26,2,6,2,420
Q4'26,2,6,3,0
Q4'26,2,7,1,5180
Q4'26,2,7,2,420
Q4'26,2,7,3,0
Q4'26,2,8,1,5180
Q4'26,2,8,2,420
Q4'26,2,8,3,0
Q4'26,2,9,1,5180
Q4'26,2,9,2,420
Q4'26,2,9,3,0
Q4'26,2,10,1,5180
Q4'26,2,10,2,420
Q4'26,2,10,3,0
Q4'26,2,11,1,5180
Q4'26,2,11,2,420
Q4'26,2,11,3,0
Q4'26,2,12,1,5180
Q4'26,2,12,2,420
Q4'26,2,12,3,0
Q4'26,2,13,1,5180
Q4'26,2,13,2,420
Q4'26,2,13,3,0
Q4'26,2,14,1,5180
Q4'26,2,14,2,420
Q4'26,2,14,3,0
Q4'26,2,15,1,5180
Q4'26,2,15,2,420
Q4'26,2,15,3,0
Q4'26,3,1,1,2141.7035294117641
Q4'26,3,1,2,2889.19114688129
Q4'26,3,1,3,2969.1053237069459
Q4'26,3,2,1,2141.7035294117641
Q4'26,3,2,2,2889.19114688129
Q4'26,3,2,3,2969.1053237069459
Q4'26,3,3,1,2141.7035294117641
Q4'26,3,3,2,2889.19114688129
Q4'26,3,3,3,2969.1053237069459
Q4'26,3,4,1,2141.7035294117641
Q4'26,3,4,2,2889.19114688129
Q4'26,3,4,3,2969.1053237069459
Q4'26,3,5,1,2141.7035294117641
Q4'26,3,5,2,2889.19114688129
Q4'26,3,5,3,2969.1053237069459
Q4'26,3,6,1,2141.7035294117641
Q4'26,3,6,2,2889.19114688129
Q4'26,3,6,3,2969.1053237069459
Q4'26,3,7,1,2141.7035294117641
Q4'26,3,7,2,2889.19114688129
Q4'26,3,7,3,2969.1053237069459
Q4'26,3,8,1,2141.7035294117641
Q4'26,3,8,2,2889.19114688129
Q4'26,3,8,3,2969.1053237069459
Q4'26,3,9,1,2141.7035294117641
Q4'26,3,9,2,2889.19114688129
Q4'26,3,9,3,2969.1053237069459
Q4'26,3,10,1,2141.7035294117641
Q4'26,3,10,2,2889.19114688129
Q4'26,3,10,3,2969.1053237069459
Q4'26,3,11,1,2141.7035294117641
Q4'26,3,11,2,2889.19114688129
Q4'26,3,11,3,2969.1053237069459
Q4'26,3,12,1,2141.7035294117641
Q4'26,3,12,2,2889.1911468812878
Q4'26,3,12,3,2969.1053237069482
Q4'26,3,13,1,2141.7035294117641
Q4'26,3,13,2,2889.19114688129
Q4'26,3,13,3,2969.1053237069459
Q4'26,3,14,1,2141.7035294117641
Q4'26,3,14,2,2889.19114688129
Q4'26,3,14,3,2969.1053237069459
Q4'26,3,15,1,2141.7035294117641
Q4'26,3,15,2,2889.19114688129
Q4'26,3,15,3,2969.1053237069459
Q4'26,3,16,1,2141.7035294117641
Q4'26,3,16,2,2889.19114688129
Q4'26,3,16,3,2969.1053237069459
Q4'26,3,17,1,2141.7035294117641
Q4'26,3,17,2,2889.19114688129
Q4'26,3,17,3,2969.1053237069459
Q1'27,1,1,1,2620.8000000000011
Q1'27,1,1,2,3074.2087359160359
Q1'27,1,1,3,304.99126408396302
Q1'27,1,2,1,2620.8000000000011
Q1'27,1,2,2,3074.2087359160359
Q1'27,1,2,3,304.99126408396302
Q1'27,1,3,1,2620.8000000000011
Q1'27,1,3,2,3074.2087359160359
Q1'27,1,3,3,304.99126408396302
Q1'27,1,4,1,1179.3600000000004
Q1'27,1,4,2,3074.2087359160359
Q1'27,1,4,3,1746.4312640839635
Q1'27,1,5,1,2620.8000000003226
Q1'27,1,5,2,3074.2087359157144
Q1'27,1,5,3,304.99126408396302
Q1'27,1,6,1,2620.8000000000011
Q1'27,1,6,2,3074.2087359160359
Q1'27,1,6,3,304.99126408396302
Q1'27,1,7,1,2620.800000000002
Q1'27,1,7,2,3074.2087359160359
Q1'27,1,7,3,304.99126408396205
Q1'27,1,8,1,2620.800000000002
Q1'27,1,8,2,3074.2087359160359
Q1'27,1,8,3,304.99126408396205
Q1'27,1,9,1,2620.800000000002
Q1'27,1,9,2,3074.2087359160359
Q1'27,1,9,3,304.99126408396205
Q1'27,1,10,1,2620.800000000002
Q1'27,1,10,2,3074.208735916035
Q1'27,1,10,3,304.99126408396302
Q1'27,1,11,1,2620.800000000002
Q1'27,1,11,2,3074.208735916035
Q1'27,1,11,3,304.99126408396302
Q1'27,2,1,1,4349.0351302459967
Q1'27,2,1,2,1650.9648697540033
Q1'27,2,1,3,0
Q1'27,2,2,1,4349.0351302459967
Q1'27,2,2,2,1650.9648697540033
Q1'27,2,2,3,0
Q1'27,2,3,1,4349.0351302459958
Q1'27,2,3,2,1650.964869754004
Q1'27,2,3,3,0
Q1'27,2,4,1,4349.0351302459967
Q1'27,2,4,2,1650.9648697540033
Q1'27,2,4,3,0
Q1'27,2,5,1,4349.0351302459967
Q1'27,2,5,2,1650.9648697540031
Q1'27,2,5,3,0
Q1'27,2,6,1,4349.0351302459967
Q1'27,2,6,2,1650.9648697540031
Q1'27,2,6,3,0
Q1'27,2,7,1,4349.0351302459967
Q1'27,2,7,2,1650.9648697540031
Q1'27,2,7,3,0
Q1'27,2,8,1,4349.0351302459967
Q1'27,2,8,2,1650.9648697540031
Q1'27,2,8,3,0
Q1'27,2,9,1,4349.0351302459967
Q1'27,2,9,2,1650.9648697540031
Q1'27,2,9,3,0
Q1'27,2,10,1,4349.0351302459967
Q1'27,2,10,2,1650.9648697540031
Q1'27,2,10,3,0
Q1'27,2,11,1,4349.0351302459967
Q1'27,2,11,2,1650.9648697540031
Q1'27,2,11,3,0
Q1'27,2,12,1,4349.0351302459967
Q1'27,2,12,2,1650.9648697540031
Q1'27,2,12,3,0
Q1'27,2,13,1,4349.0351302459967
Q1'27,2,13,2,1650.9648697540031
Q1'27,2,13,3,0
Q1'27,2,14,1,4349.0351302459967
Q1'27,2,14,2,1650.9648697540031
Q1'27,2,14,3,0
Q1'27,2,15,1,4349.0351302459967
Q1'27,2,15,2,1650.9648697540031
Q1'27,2,15,3,0
Q1'27,3,1,1,2141.703529411765
Q1'27,3,1,2,2950.4489632568561
Q1'27,3,1,3,3907.847507331378
Q1'27,3,2,1,2141.703529411765
Q1'27,3,2,2,2950.4489632568561
Q1'27,3,2,3,3907.847507331378
Q1'27,3,3,1,2141.703529411765
Q1'27,3,3,2,2950.4489632568561
Q1'27,3,3,3,3907.847507331378
Q1'27,3,4,1,2141.7035294117659
Q1'27,3,4,2,2950.4489632568561
Q1'27,3,4,3,3907.847507331378
Q1'27,3,5,1,2141.7035294117659
Q1'27,3,5,2,2950.4489632568561
Q1'27,3,5,3,3907.847507331378
Q1'27,3,6,1,2141.7035294117659
Q1'27,3,6,2,2950.4489632568561
Q1'27,3,6,3,3907.847507331378
Q1'27,3,7,1,2141.7035294117659
Q1'27,3,7,2,2950.4489632568561
Q1'27,3,7,3,3907.847507331378
Q1'27,3,8,1,2141.7035294117582
Q1'27,3,8,2,2950.4489632568639
Q1'27,3,8,3,3907.847507331378
Q1'27,3,9,1,2141.7035294117659
Q1'27,3,9,2,2950.4489632568561
Q1'27,3,9,3,3907.847507331378
Q1'27,3,10,1,2141.7035294117659
Q1'27,3,10,2,2950.4489632568561
Q1'27,3,10,3,3907.847507331378
Q1'27,3,11,1,2141.7035294117659
Q1'27,3,11,2,2950.448963256857
Q1'27,3,11,3,3907.8475073313766
Q1'27,3,12,1,2141.7035294117659
Q1'27,3,12,2,2950.448963256857
Q1'27,3,12,3,3907.8475073313766
Q1'27,3,13,1,2141.7035294117659
Q1'27,3,13,2,2950.4489632568561
Q1'27,3,13,3,3907.847507331378
Q1'27,3,14,1,2141.7035294117659
Q1'27,3,14,2,2950.4489632568561
Q1'27,3,14,3,3907.847507331378
Q1'27,3,15,1,2141.7035294117659
Q1'27,3,15,2,2950.4489632568561
Q1'27,3,15,3,3907.847507331378
Q1'27,3,16,1,2141.7035294117659
Q1'27,3,16,2,2950.4489632568561
Q1'27,3,16,3,3907.847507331378
Q1'27,3,17,1,2141.7035294117659
Q1'27,3,17,2,2950.448963256857
Q1'27,3,17,3,3907.8475073313766
Q2'27,1,1,1,2502.084024540995
Q2'27,1,1,2,2033.634282992555
Q2'27,1,1,3,464.28169246645029
Q2'27,1,2,1,2502.084024540995
Q2'27,1,2,2,2033.634282992555
Q2'27,1,2,3,464.28169246645029
Q2'27,1,3,1,2502.0840245409981
Q2'27,1,3,2,2033.6342829925511
Q2'27,1,3,3,464.28169246645098
Q2'27,1,4,1,2475.1999999999998
Q2'27,1,4,2,2060.518307533549
Q2'27,1,4,3,464.28169246645098
Q2'27,1,5,1,2475.1999999999998
Q2'27,1,5,2,2060.518307533549
Q2'27,1,5,3,464.28169246645098
Q2'27,1,6,1,2475.1999999999998
Q2'27,1,6,2,2060.518307533549
Q2'27,1,6,3,464.28169246645098
Q2'27,1,7,1,2475.1999999999998
Q2'27,1,7,2,2060.518307533539
Q2'27,1,7,3,464.28169246646098
Q2'27,1,8,1,2475.1999999999998
Q2'27,1,8,2,2060.518307533539
Q2'27,1,8,3,464.28169246646098
Q2'27,1,9,1,2475.1999999999998
Q2'27,1,9,2,2060.518307533539
Q2'27,1,9,3,464.28169246646098
Q2'27,1,10,1,2475.1999999999998
Q2'27,1,10,2,2060.5183075335149
Q2'27,1,10,3,464.28169246648577
Q2'27,1,11,1,2475.1999999999998
Q2'27,1,11,2,2060.5183075335158
Q2'27,1,11,3,464.281692466484
Q2'27,2,1,1,5180
Q2'27,2,1,2,1320
Q2'27,2,1,3,0
Q2'27,2,2,1,5180.0000000000027
Q2'27,2,2,2,1319.999999999997
Q2'27,2,2,3,0
Q2'27,2,3,1,5180.0000000000027
Q2'27,2,3,2,1319.999999999997
Q2'27,2,3,3,0
Q2'27,2,4,1,5180.0000000000036
Q2'27,2,4,2,1319.9999999999959
Q2'27,2,4,3,0
Q2'27,2,5,1,5180.0000000000036
Q2'27,2,5,2,1319.9999999999959
Q2'27,2,5,3,0
Q2'27,2,6,1,5180.0000000000036
Q2'27,2,6,2,1319.9999999999959
Q2'27,2,6,3,0
Q2'27,2,7,1,5180.0000000000036
Q2'27,2,7,2,1319.9999999999959
Q2'27,2,7,3,0
Q2'27,2,8,1,5179.99999999999
Q2'27,2,8,2,1320.0000000000098
Q2'27,2,8,3,0
Q2'27,2,9,1,5180.0000000000036
Q2'27,2,9,2,1319.9999999999959
Q2'27,2,9,3,0
Q2'27,2,10,1,5180.0000000000018
Q2'27,2,10,2,1319.999999999998
Q2'27,2,10,3,0
Q2'27,2,11,1,5180.0000000000009
Q2'27,2,11,2,1320
Q2'27,2,11,3,-9.9999999999999998e-13
Q2'27,2,12,1,5180.00000000001
Q2'27,2,12,2,1319.9999999999909
Q2'27,2,12,3,-9.9999999999999998e-13
Q2'27,2,13,1,5180.00000000001
Q2'27,2,13,2,1319.9999999999909
Q2'27,2,13,3,-9.9999999999999998e-13
Q2'27,2,14,1,5180.00000000001
Q2'27,2,14,2,1319.9999999999909
Q2'27,2,14,3,-9.9999999999999998e-13
Q2'27,2,15,1,5180.0000000000091
Q2'27,2,15,2,1319.9999999999909
Q2'27,2,15,3,0
Q2'27,3,1,1,2141.7035294117718
Q2'27,3,1,2,5099.2941176470449
Q2'27,3,1,3,3759.0023529411828
Q2'27,3,2,1,2141.7035294117718
Q2'27,3,2,2,5099.2941176470449
Q2'27,3,2,3,3759.0023529411828
Q2'27,3,3,1,2141.7035294117718
Q2'27,3,3,2,5099.2941176470449
Q2'27,3,3,3,3759.0023529411828
Q2'27,3,4,1,2141.703529411765
Q2'27,3,4,2,5099.2941176470522
Q2'27,3,4,3,3759.0023529411828
Q2'27,3,5,1,2141.703529411765
Q2'27,3,5,2,5099.2941176470522
Q2'27,3,5,3,3759.0023529411828
Q2'27,3,6,1,2141.703529411765
Q2'27,3,6,2,5099.2941176470522
Q2'27,3,6,3,3759.0023529411828
Q2'27,3,7,1,2141.703529411765
Q2'27,3,7,2,5099.2941176470522
Q2'27,3,7,3,3759.0023529411828
Q2'27,3,8,1,2141.7035294117563
Q2'27,3,8,2,5099.2941176470504
Q2'27,3,8,3,3759.0023529411937
Q2'27,3,9,1,2141.7035294117668
Q2'27,3,9,2,5099.2941176470504
Q2'27,3,9,3,3759.0023529411828
Q2'27,3,10,1,2141.7035294117668
Q2'27,3,10,2,5099.2941176470686
Q2'27,3,10,3,3759.0023529411651
Q2'27,3,11,1,2141.7035294117668
Q2'27,3,11,2,5099.2941176470686
Q2'27,3,11,3,3759.0023529411651
Q2'27,3,12,1,2141.7035294117659
Q2'27,3,12,2,5099.2941176470686
Q2'27,3,12,3,3759.0023529411651
Q2'27,3,13,1,2141.7035294117641
Q2'27,3,13,2,5099.2941176470704
Q2'27,3,13,3,3759.002352941166
Q2'27,3,14,1,2141.7035294117632
Q2'27,3,14,2,5099.2941176470722
Q2'27,3,14,3,3759.0023529411651
Q2'27,3,15,1,2141.7035294117632
Q2'27,3,15,2,5099.2941176470722
Q2'27,3,15,3,3759.0023529411651
Q2'27,3,16,1,2141.7035294117632
Q2'27,3,16,2,5099.2941176470722
Q2'27,3,16,3,3759.0023529411651
Q2'27,3,17,1,2141.7035294117618
Q2'27,3,17,2,5099.2941176470731
Q2'27,3,17,3,3759.0023529411651
Q3'27,1,1,1,2558.5783535762462
Q3'27,1,1,2,1031.111001031996
Q3'27,1,1,3,410.31064539175804
Q3'27,1,2,1,2558.5783535762462
Q3'27,1,2,2,1031.111001031996
Q3'27,1,2,3,410.31064539175804
Q3'27,1,3,1,2558.5783535762462
Q3'27,1,3,2,1031.111001031996
Q3'27,1,3,3,410.31064539175804
Q3'27,1,4,1,1794.52
Q3'27,1,4,2,1031.111001031996
Q3'27,1,4,3,1174.3689989680042
Q3'27,1,5,1,3018.2578988648056
Q3'27,1,5,2,981.74210113519439
Q3'27,1,5,3,0
Q3'27,1,6,1,2475.1999999999998
Q3'27,1,6,2,1031.111001031996
Q3'27,1,6,3,493.68899896800394
Q3'27,1,7,1,2475.2000000000053
Q3'27,1,7,2,1031.1110010319908
Q3'27,1,7,3,493.68899896800394
Q3'27,1,8,1,2475.1999999999998
Q3'27,1,8,2,1031.1110010319881
Q3'27,1,8,3,493.68899896801202
Q3'27,1,9,1,2475.2000000000012
Q3'27,1,9,2,1031.1110010319869
Q3'27,1,9,3,493.68899896801202
Q3'27,1,10,1,2475.2000000000012
Q3'27,1,10,2,1031.1110010319869
Q3'27,1,10,3,493.68899896801202
Q3'27,1,11,1,2475.2000000000012
Q3'27,1,11,2,1031.1110010319869
Q3'27,1,11,3,493.68899896801202
Q3'27,2,1,1,5636.2564403447723
Q3'27,2,1,2,1363.743559655228
Q3'27,2,1,3,0
Q3'27,2,2,1,5636.2564403447723
Q3'27,2,2,2,1363.743559655228
Q3'27,2,2,3,0
Q3'27,2,3,1,5636.2564403447723
Q3'27,2,3,2,1363.743559655228
Q3'27,2,3,3,0
Q3'27,2,4,1,5636.2564403447723
Q3'27,2,4,2,1363.743559655228
Q3'27,2,4,3,0
Q3'27,2,5,1,5636.2564403447723
Q3'27,2,5,2,1363.743559655228
Q3'27,2,5,3,0
Q3'27,2,6,1,5636.2564403447723
Q3'27,2,6,2,1363.743559655228
Q3'27,2,6,3,0
Q3'27,2,7,1,5636.2564403447723
Q3'27,2,7,2,1363.743559655228
Q3'27,2,7,3,0
Q3'27,2,8,1,5636.2564403447723
Q3'27,2,8,2,1363.743559655228
Q3'27,2,8,3,0
Q3'27,2,9,1,5636.2564403447723
Q3'27,2,9,2,1363.743559655228
Q3'27,2,9,3,0
Q3'27,2,10,1,5636.2564403447723
Q3'27,2,10,2,1363.743559655228
Q3'27,2,10,3,0
Q3'27,2,11,1,5636.2564403447741
Q3'27,2,11,2,1363.743559655225
Q3'27,2,11,3,9.0949470177292824e-13
Q3'27,2,12,1,5636.2564403447741
Q3'27,2,12,2,1363.743559655225
Q3'27,2,12,3,9.0949470177292824e-13
Q3'27,2,13,1,5636.2564403447741
Q3'27,2,13,2,1363.743559655225
Q3'27,2,13,3,9.0949470177292824e-13
Q3'27,2,14,1,5636.2564403447741
Q3'27,2,14,2,1363.743559655225
Q3'27,2,14,3,9.0949470177292824e-13
Q3'27,2,15,1,5636.2564403447741
Q3'27,2,15,2,1363.743559655225
Q3'27,2,15,3,9.0949470177292824e-13
Q3'27,3,1,1,2447.6611764705831
Q3'27,3,1,2,6598.1552941176424
Q3'27,3,1,3,3954.1835294117736
Q3'27,3,2,1,2447.6611764705899
Q3'27,3,2,2,6598.1552941176424
Q3'27,3,2,3,3954.1835294117682
Q3'27,3,3,1,2447.6611764705899
Q3'27,3,3,2,6598.1552941176424
Q3'27,3,3,3,3954.1835294117682
Q3'27,3,4,1,2447.6611764705899
Q3'27,3,4,2,6598.1552941176424
Q3'27,3,4,3,3954.1835294117682
Q3'27,3,5,1,2447.6611764705908
Q3'27,3,5,2,6598.1552941176406
Q3'27,3,5,3,3954.1835294117682
Q3'27,3,6,1,2447.6611764705908
Q3'27,3,6,2,6598.1552941176424
Q3'27,3,6,3,3954.1835294117659
Q3'27,3,7,1,2447.6611764705908
Q3'27,3,7,2,6598.1552941176424
Q3'27,3,7,3,3954.1835294117659
Q3'27,3,8,1,2447.6611764705881
Q3'27,3,8,2,6598.155294117666
Q3'27,3,8,3,3954.1835294117463
Q3'27,3,9,1,2447.6611764705881
Q3'27,3,9,2,6598.155294117646
Q3'27,3,9,3,3954.1835294117659
Q3'27,3,10,1,2447.6611764705881
Q3'27,3,10,2,6598.155294117646
Q3'27,3,10,3,3954.1835294117659
Q3'27,3,11,1,2447.6611764705881
Q3'27,3,11,2,6598.155294117646
Q3'27,3,11,3,3954.1835294117659
Q3'27,3,12,1,2447.6611764705881
Q3'27,3,12,2,6598.155294117646
Q3'27,3,12,3,3954.1835294117659
Q3'27,3,13,1,2447.6611764705872
Q3'27,3,13,2,6598.1552941176469
Q3'27,3,13,3,3954.1835294117659
Q3'27,3,14,1,2447.661176470589
Q3'27,3,14,2,6598.1552941176469
Q3'27,3,14,3,3954.183529411765
Q3'27,3,15,1,2447.661176470589
Q3'27,3,15,2,6598.1552941176469
Q3'27,3,15,3,3954.183529411765
Q3'27,3,16,1,2447.661176470589
Q3'27,3,16,2,6598.1552941176469
Q3'27,3,16,3,3954.183529411765
Q3'27,3,17,1,2447.661176470589
Q3'27,3,17,2,6598.1552941176469
Q3'27,3,17,3,3954.183529411765
Q4'27,1,1,1,171.16331888753101
Q4'27,1,1,2,979.79506495119006
Q4'27,1,1,3,849.04161616127897
Q4'27,1,2,1,171.16331888753101
Q4'27,1,2,2,979.79506495119006
Q4'27,1,2,3,849.04161616127897
Q4'27,1,3,1,171.16331888753101
Q4'27,1,3,2,979.79506495119006
Q4'27,1,3,3,849.04161616127897
Q4'27,1,4,1,0
Q4'27,1,4,2,1063.2533333358531
Q4'27,1,4,3,936.74666666414703
Q4'27,1,5,1,-0
Q4'27,1,5,2,1063.2533333358531
Q4'27,1,5,3,936.74666666414703
Q4'27,1,6,1,0
Q4'27,1,6,2,1063.2533333358531
Q4'27,1,6,3,936.74666666414703
Q4'27,1,7,1,3.9259994110268036e-09
Q4'27,1,7,2,1063.2533333319323
Q4'27,1,7,3,936.74666666414169
Q4'27,1,8,1,0
Q4'27,1,8,2,1063.2533333319429
Q4'27,1,8,3,936.74666666805695
Q4'27,1,9,1,0
Q4'27,1,9,2,1063.2533333319429
Q4'27,1,9,3,936.74666666805695
Q4'27,1,10,1,0
Q4'27,1,10,2,1063.2533333319429
Q4'27,1,10,3,936.74666666805695
Q4'27,1,11,1,0
Q4'27,1,11,2,1063.2533333319429
Q4'27,1,11,3,936.74666666805695
Q4'27,2,1,1,6058.145882352941
Q4'27,2,1,2,1441.854117647059
Q4'27,2,1,3,0
Q4'27,2,2,1,6058.1458823529401
Q4'27,2,2,2,1441.8541176470601
Q4'27,2,2,3,0
Q4'27,2,3,1,6058.1458823529128
Q4'27,2,3,2,1441.854117647059
Q4'27,2,3,3,2.8194335754960775e-11
Q4'27,2,4,1,6058.1458823529401
Q4'27,2,4,2,1441.8541176470601
Q4'27,2,4,3,0
Q4'27,2,5,1,6058.1458823529429
Q4'27,2,5,2,1441.8541176470569
Q4'27,2,5,3,0
Q4'27,2,6,1,6058.1458823529429
Q4'27,2,6,2,1441.8541176470569
Q4'27,2,6,3,0
Q4'27,2,7,1,6058.1458823529429
Q4'27,2,7,2,1441.8541176470569
Q4'27,2,7,3,0
Q4'27,2,8,1,6058.1458823529429
Q4'27,2,8,2,1441.8541176470569
Q4'27,2,8,3,0
Q4'27,2,9,1,6058.1458823529429
Q4'27,2,9,2,1441.8541176470569
Q4'27,2,9,3,0
Q4'27,2,10,1,6058.1458823529429
Q4'27,2,10,2,1441.8541176470569
Q4'27,2,10,3,0
Q4'27,2,11,1,6058.1458823556568
Q4'27,2,11,2,1441.854117644343
Q4'27,2,11,3,0
Q4'27,2,12,1,6058.1458823556568
Q4'27,2,12,2,1441.854117644343
Q4'27,2,12,3,0
Q4'27,2,13,1,5621.0767396835408
Q4'27,2,13,2,1878.9232603164589
Q4'27,2,13,3,0
Q4'27,2,14,1,5621.0767396835408
Q4'27,2,14,2,1878.9232603164589
Q4'27,2,14,3,0
Q4'27,2,15,1,5621.0767396835408
Q4'27,2,15,2,1878.9232603164589
Q4'27,2,15,3,0
Q4'27,3,1,1,6456.5190110806006
Q4'27,3,1,2,5713.0809889193997
Q4'27,3,1,3,3830.4000000000001
Q4'27,3,2,1,6456.5190110806006
Q4'27,3,2,2,5713.0809889193997
Q4'27,3,2,3,3830.4000000000001
Q4'27,3,3,1,6456.5190110805997
Q4'27,3,3,2,5713.0809889193997
Q4'27,3,3,3,3830.4000000000015
Q4'27,3,4,1,5673.3720363730217
Q4'27,3,4,2,6496.2279636269786
Q4'27,3,4,3,3830.4000000000001
Q4'27,3,5,1,5673.3720363730217
Q4'27,3,5,2,6496.2279636269786
Q4'27,3,5,3,3830.4000000000001
Q4'27,3,6,1,5673.3720363730208
Q4'27,3,6,2,6511.4985518622589
Q4'27,3,6,3,3815.1294117647199
Q4'27,3,7,1,5310.8207288150479
Q4'27,3,7,2,6874.0498594202318
Q4'27,3,7,3,3815.1294117647199
Q4'27,3,8,1,5310.8207288150479
Q4'27,3,8,2,6874.0498594202218
Q4'27,3,8,3,3815.1294117647303
Q4'27,3,9,1,5310.8207288150479
Q4'27,3,9,2,6951.3769355266713
Q4'27,3,9,3,3737.8023356582812
Q4'27,3,10,1,5310.8207288150479
Q4'27,3,10,2,6951.3769355266713
Q4'27,3,10,3,3737.8023356582812
Q4'27,3,11,1,5110.2230644733399
Q4'27,3,11,2,6951.3769355266713
Q4'27,3,11,3,3938.3999999999892
Q4'27,3,12,1,5110.2230644733409
Q4'27,3,12,2,6951.3769355266704
Q4'27,3,12,3,3938.3999999999892
Q4'27,3,13,1,5110.2230644733409
Q4'27,3,13,2,6951.3769355266713
Q4'27,3,13,3,3938.3999999999878
Q4'27,3,14,1,5110.2230644733409
Q4'27,3,14,2,6951.3769355266713
Q4'27,3,14,3,3938.3999999999878
Q4'27,3,15,1,5110.22306447347
Q4'27,3,15,2,6951.3769355265413
Q4'27,3,15,3,3938.3999999999878
Q4'27,3,16,1,5110.22306447347
Q4'27,3,16,2,6951.3769355265413
Q4'27,3,16,3,3938.3999999999878
Q4'27,3,17,1,5110.2230644734709
Q4'27,3,17,2,6951.3769355251534
Q4'27,3,17,3,3938.4000000013762
